﻿<?xml version="1.0" encoding="utf-8" ?>
<!--Frag#11: Add Products.xml to the project -->
<products>
  <product ProductID="1" ProductName="Adjustable Race" ProductNumber="AR-5381" ProductSafetyStockLevel="1000" ProductReorderPoint="750"/>
  <product ProductID="2" ProductName="Bearing Ball" ProductNumber="BA-8327" ProductSafetyStockLevel="1000" ProductReorderPoint="750"/>
  <product ProductID="3" ProductName="BB Ball Bearing" ProductNumber="BE-2349" ProductSafetyStockLevel="800" ProductReorderPoint="600"/>
  <product ProductID="4" ProductName="Headset Ball Bearings" ProductNumber="BE-2908" ProductSafetyStockLevel="800" ProductReorderPoint="600"/>
  <product ProductID="316" ProductName="Blade" ProductNumber="BE-2036" ProductSafetyStockLevel="800" ProductReorderPoint="600"/>
  <product ProductID="317" ProductName="LL Crankarm" ProductNumber="CA-5965" ProductSafetyStockLevel="500" ProductReorderPoint="375"/>
  <product ProductID="318" ProductName="ML Crankarm" ProductNumber="CA-6738" ProductSafetyStockLevel="500" ProductReorderPoint="375"/>
  <product ProductID="319" ProductName="HL Crankarm" ProductNumber="CA-7457" ProductSafetyStockLevel="500" ProductReorderPoint="375"/>
  <product ProductID="320" ProductName="Chainring Bolts" ProductNumber="CB-2903" ProductSafetyStockLevel="1000" ProductReorderPoint="750"/>
  <product ProductID="321" ProductName="Chainring Nut" ProductNumber="CN-6137" ProductSafetyStockLevel="1000" ProductReorderPoint="750"/>
</products>

 