﻿<ContentTypeMap>
  <ContentType Extension="acx" ContentTypeValue="application/internet-property-stream"/>
  <ContentType Extension="ai" ContentTypeValue="application/postscript"/>
  <ContentType Extension="aif" ContentTypeValue="audio/x-aiff"/>
  <ContentType Extension="aifc" ContentTypeValue="audio/x-aiff"/>
  <ContentType Extension="aiff" ContentTypeValue="audio/x-aiff"/>
  <ContentType Extension="asf" ContentTypeValue="video/x-ms-asf"/>
  <ContentType Extension="asr" ContentTypeValue="video/x-ms-asf"/>
  <ContentType Extension="asx" ContentTypeValue="video/x-ms-asf"/>
  <ContentType Extension="au" ContentTypeValue="audio/basic"/>
  <ContentType Extension="avi" ContentTypeValue="video/x-msvideo"/>
  <ContentType Extension="axs" ContentTypeValue="application/olescript"/>
  <ContentType Extension="bas" ContentTypeValue="text/plain"/>
  <ContentType Extension="bcpio" ContentTypeValue="application/x-bcpio"/>
  <ContentType Extension="bin" ContentTypeValue="application/octet-stream"/>
  <ContentType Extension="bmp" ContentTypeValue="image/bmp"/>
  <ContentType Extension="c" ContentTypeValue="text/plain"/>
  <ContentType Extension="cat" ContentTypeValue="application/vnd.ms-pkiseccat"/>
  <ContentType Extension="cdf" ContentTypeValue="application/x-cdf"/>
  <ContentType Extension="cer" ContentTypeValue="application/x-x509-ca-cert"/>
  <ContentType Extension="class" ContentTypeValue="application/octet-stream"/>
  <ContentType Extension="clp" ContentTypeValue="application/x-msclip"/>
  <ContentType Extension="cmx" ContentTypeValue="image/x-cmx"/>
  <ContentType Extension="cod" ContentTypeValue="image/cis-cod"/>
  <ContentType Extension="cpio" ContentTypeValue="application/x-cpio"/>
  <ContentType Extension="crd" ContentTypeValue="application/x-mscardfile"/>
  <ContentType Extension="crl" ContentTypeValue="application/pkix-crl"/>
  <ContentType Extension="crt" ContentTypeValue="application/x-x509-ca-cert"/>
  <ContentType Extension="csh" ContentTypeValue="application/x-csh"/>
  <ContentType Extension="css" ContentTypeValue="text/css"/>
  <ContentType Extension="dcr" ContentTypeValue="application/x-director"/>
  <ContentType Extension="der" ContentTypeValue="application/x-x509-ca-cert"/>
  <ContentType Extension="dir" ContentTypeValue="application/x-director"/>
  <ContentType Extension="dll" ContentTypeValue="application/x-msdownload"/>
  <ContentType Extension="dms" ContentTypeValue="application/octet-stream"/>
  <ContentType Extension="doc" ContentTypeValue="application/msword"/>
  <ContentType Extension="dot" ContentTypeValue="application/msword"/>
  <ContentType Extension="dvi" ContentTypeValue="application/x-dvi"/>
  <ContentType Extension="dxr" ContentTypeValue="application/x-director"/>
  <ContentType Extension="eps" ContentTypeValue="application/postscript"/>
  <ContentType Extension="etx" ContentTypeValue="text/x-setext"/>
  <ContentType Extension="evy" ContentTypeValue="application/envoy"/>
  <ContentType Extension="exe" ContentTypeValue="application/octet-stream"/>
  <ContentType Extension="fif" ContentTypeValue="application/fractals"/>
  <ContentType Extension="flr" ContentTypeValue="x-world/x-vrml"/>
  <ContentType Extension="gif" ContentTypeValue="image/gif"/>
  <ContentType Extension="gtar" ContentTypeValue="application/x-gtar"/>
  <ContentType Extension="gz" ContentTypeValue="application/x-gzip"/>
  <ContentType Extension="h" ContentTypeValue="text/plain"/>
  <ContentType Extension="hdf" ContentTypeValue="application/x-hdf"/>
  <ContentType Extension="hlp" ContentTypeValue="application/winhlp"/>
  <ContentType Extension="hqx" ContentTypeValue="application/mac-binhex40"/>
  <ContentType Extension="hta" ContentTypeValue="application/hta"/>
  <ContentType Extension="htc" ContentTypeValue="text/x-component"/>
  <ContentType Extension="htm" ContentTypeValue="text/html"/>
  <ContentType Extension="html" ContentTypeValue="text/html"/>
  <ContentType Extension="htt" ContentTypeValue="text/webviewhtml"/>
  <ContentType Extension="ico" ContentTypeValue="image/x-icon"/>
  <ContentType Extension="ief" ContentTypeValue="image/ief"/>
  <ContentType Extension="iii" ContentTypeValue="application/x-iphone"/>
  <ContentType Extension="ins" ContentTypeValue="application/x-internet-signup"/>
  <ContentType Extension="isp" ContentTypeValue="application/x-internet-signup"/>
  <ContentType Extension="jfif" ContentTypeValue="image/pipeg"/>
  <ContentType Extension="jpe" ContentTypeValue="image/jpeg"/>
  <ContentType Extension="jpeg" ContentTypeValue="image/jpeg"/>
  <ContentType Extension="jpg" ContentTypeValue="image/jpeg"/>
  <ContentType Extension="js" ContentTypeValue="application/x-javascript"/>
  <ContentType Extension="latex" ContentTypeValue="application/x-latex"/>
  <ContentType Extension="lha" ContentTypeValue="application/octet-stream"/>
  <ContentType Extension="lsf" ContentTypeValue="video/x-la-asf"/>
  <ContentType Extension="lsx" ContentTypeValue="video/x-la-asf"/>
  <ContentType Extension="lzh" ContentTypeValue="application/octet-stream"/>
  <ContentType Extension="m13" ContentTypeValue="application/x-msmediaview"/>
  <ContentType Extension="m14" ContentTypeValue="application/x-msmediaview"/>
  <ContentType Extension="m3u" ContentTypeValue="audio/x-mpegurl"/>
  <ContentType Extension="man" ContentTypeValue="application/x-troff-man"/>
  <ContentType Extension="mdb" ContentTypeValue="application/x-msaccess"/>
  <ContentType Extension="me" ContentTypeValue="application/x-troff-me"/>
  <ContentType Extension="mht" ContentTypeValue="message/rfc822"/>
  <ContentType Extension="mhtml" ContentTypeValue="message/rfc822"/>
  <ContentType Extension="mid" ContentTypeValue="audio/mid"/>
  <ContentType Extension="mny" ContentTypeValue="application/x-msmoney"/>
  <ContentType Extension="mov" ContentTypeValue="video/quicktime"/>
  <ContentType Extension="movie" ContentTypeValue="video/x-sgi-movie"/>
  <ContentType Extension="mp2" ContentTypeValue="video/mpeg"/>
  <ContentType Extension="mp3" ContentTypeValue="audio/mpeg"/>
  <ContentType Extension="mpa" ContentTypeValue="video/mpeg"/>
  <ContentType Extension="mpe" ContentTypeValue="video/mpeg"/>
  <ContentType Extension="mpeg" ContentTypeValue="video/mpeg"/>
  <ContentType Extension="mpg" ContentTypeValue="video/mpeg"/>
  <ContentType Extension="mpp" ContentTypeValue="application/vnd.ms-project"/>
  <ContentType Extension="mpv2" ContentTypeValue="video/mpeg"/>
  <ContentType Extension="ms" ContentTypeValue="application/x-troff-ms"/>
  <ContentType Extension="mvb" ContentTypeValue="application/x-msmediaview"/>
  <ContentType Extension="nws" ContentTypeValue="message/rfc822"/>
  <ContentType Extension="oda" ContentTypeValue="application/oda"/>
  <ContentType Extension="p10" ContentTypeValue="application/pkcs10"/>
  <ContentType Extension="p12" ContentTypeValue="application/x-pkcs12"/>
  <ContentType Extension="p7b" ContentTypeValue="application/x-pkcs7-certificates"/>
  <ContentType Extension="p7c" ContentTypeValue="application/x-pkcs7-mime"/>
  <ContentType Extension="p7m" ContentTypeValue="application/x-pkcs7-mime"/>
  <ContentType Extension="p7r" ContentTypeValue="application/x-pkcs7-certreqresp"/>
  <ContentType Extension="p7s" ContentTypeValue="application/x-pkcs7-signature"/>
  <ContentType Extension="pbm" ContentTypeValue="image/x-portable-bitmap"/>
  <ContentType Extension="pdf" ContentTypeValue="application/pdf"/>
  <ContentType Extension="pfx" ContentTypeValue="application/x-pkcs12"/>
  <ContentType Extension="pgm" ContentTypeValue="image/x-portable-graymap"/>
  <ContentType Extension="pko" ContentTypeValue="application/ynd.ms-pkipko"/>
  <ContentType Extension="pma" ContentTypeValue="application/x-perfmon"/>
  <ContentType Extension="pmc" ContentTypeValue="application/x-perfmon"/>
  <ContentType Extension="pml" ContentTypeValue="application/x-perfmon"/>
  <ContentType Extension="pmr" ContentTypeValue="application/x-perfmon"/>
  <ContentType Extension="pmw" ContentTypeValue="application/x-perfmon"/>
  <ContentType Extension="pnm" ContentTypeValue="image/x-portable-anymap"/>
  <ContentType Extension="pot," ContentTypeValue="application/vnd.ms-powerpoint"/>
  <ContentType Extension="ppm" ContentTypeValue="image/x-portable-pixmap"/>
  <ContentType Extension="pps" ContentTypeValue="application/vnd.ms-powerpoint"/>
  <ContentType Extension="ppt" ContentTypeValue="application/vnd.ms-powerpoint"/>
  <ContentType Extension="prf" ContentTypeValue="application/pics-rules"/>
  <ContentType Extension="ps" ContentTypeValue="application/postscript"/>
  <ContentType Extension="pub" ContentTypeValue="application/x-mspublisher"/>
  <ContentType Extension="qt" ContentTypeValue="video/quicktime"/>
  <ContentType Extension="ra" ContentTypeValue="audio/x-pn-realaudio"/>
  <ContentType Extension="ram" ContentTypeValue="audio/x-pn-realaudio"/>
  <ContentType Extension="ras" ContentTypeValue="image/x-cmu-raster"/>
  <ContentType Extension="rgb" ContentTypeValue="image/x-rgb"/>
  <ContentType Extension="rmi" ContentTypeValue="audio/mid"/>
  <ContentType Extension="roff" ContentTypeValue="application/x-troff"/>
  <ContentType Extension="rtf" ContentTypeValue="application/rtf"/>
  <ContentType Extension="rtx" ContentTypeValue="text/richtext"/>
  <ContentType Extension="scd" ContentTypeValue="application/x-msschedule"/>
  <ContentType Extension="sct" ContentTypeValue="text/scriptlet"/>
  <ContentType Extension="setpay" ContentTypeValue="application/set-payment-initiation"/>
  <ContentType Extension="setreg" ContentTypeValue="application/set-registration-initiation"/>
  <ContentType Extension="sh" ContentTypeValue="application/x-sh"/>
  <ContentType Extension="shar" ContentTypeValue="application/x-shar"/>
  <ContentType Extension="sit" ContentTypeValue="application/x-stuffit"/>
  <ContentType Extension="snd" ContentTypeValue="audio/basic"/>
  <ContentType Extension="spc" ContentTypeValue="application/x-pkcs7-certificates"/>
  <ContentType Extension="spl" ContentTypeValue="application/futuresplash"/>
  <ContentType Extension="src" ContentTypeValue="application/x-wais-source"/>
  <ContentType Extension="sst" ContentTypeValue="application/vnd.ms-pkicertstore"/>
  <ContentType Extension="stl" ContentTypeValue="application/vnd.ms-pkistl"/>
  <ContentType Extension="stm" ContentTypeValue="text/html"/>
  <ContentType Extension="svg" ContentTypeValue="image/svg+xml"/>
  <ContentType Extension="sv4cpio" ContentTypeValue="application/x-sv4cpio"/>
  <ContentType Extension="sv4crc" ContentTypeValue="application/x-sv4crc"/>
  <ContentType Extension="swf" ContentTypeValue="application/x-shockwave-flash"/>
  <ContentType Extension="t" ContentTypeValue="application/x-troff"/>
  <ContentType Extension="tar" ContentTypeValue="application/x-tar"/>
  <ContentType Extension="tcl" ContentTypeValue="application/x-tcl"/>
  <ContentType Extension="tex" ContentTypeValue="application/x-tex"/>
  <ContentType Extension="texi" ContentTypeValue="application/x-texinfo"/>
  <ContentType Extension="texinfo" ContentTypeValue="application/x-texinfo"/>
  <ContentType Extension="tgz" ContentTypeValue="application/x-compressed"/>
  <ContentType Extension="tif" ContentTypeValue="image/tiff"/>
  <ContentType Extension="tiff" ContentTypeValue="image/tiff"/>
  <ContentType Extension="tr" ContentTypeValue="application/x-troff"/>
  <ContentType Extension="trm" ContentTypeValue="application/x-msterminal"/>
  <ContentType Extension="tsv" ContentTypeValue="text/tab-separated-values"/>
  <ContentType Extension="txt" ContentTypeValue="text/plain"/>
  <ContentType Extension="uls" ContentTypeValue="text/iuls"/>
  <ContentType Extension="ustar" ContentTypeValue="application/x-ustar"/>
  <ContentType Extension="vcf" ContentTypeValue="text/x-vcard"/>
  <ContentType Extension="vrml" ContentTypeValue="x-world/x-vrml"/>
  <ContentType Extension="wav" ContentTypeValue="audio/x-wav"/>
  <ContentType Extension="wcm" ContentTypeValue="application/vnd.ms-works"/>
  <ContentType Extension="wdb" ContentTypeValue="application/vnd.ms-works"/>
  <ContentType Extension="wks" ContentTypeValue="application/vnd.ms-works"/>
  <ContentType Extension="wmf" ContentTypeValue="application/x-msmetafile"/>
  <ContentType Extension="wps" ContentTypeValue="application/vnd.ms-works"/>
  <ContentType Extension="wri" ContentTypeValue="application/x-mswrite"/>
  <ContentType Extension="wrl" ContentTypeValue="x-world/x-vrml"/>
  <ContentType Extension="wrz" ContentTypeValue="x-world/x-vrml"/>
  <ContentType Extension="xaf" ContentTypeValue="x-world/x-vrml"/>
  <ContentType Extension="xbm" ContentTypeValue="image/x-xbitmap"/>
  <ContentType Extension="xla" ContentTypeValue="application/vnd.ms-excel"/>
  <ContentType Extension="xlc" ContentTypeValue="application/vnd.ms-excel"/>
  <ContentType Extension="xlm" ContentTypeValue="application/vnd.ms-excel"/>
  <ContentType Extension="xls" ContentTypeValue="application/vnd.ms-excel"/>
  <ContentType Extension="xlt" ContentTypeValue="application/vnd.ms-excel"/>
  <ContentType Extension="xlw" ContentTypeValue="application/vnd.ms-excel"/>
  <ContentType Extension="xof" ContentTypeValue="x-world/x-vrml"/>
  <ContentType Extension="xpm" ContentTypeValue="image/x-xpixmap"/>
  <ContentType Extension="xwd" ContentTypeValue="image/x-xwindowdump"/>
  <ContentType Extension="z" ContentTypeValue="application/x-compress"/>
  <ContentType Extension="zip" ContentTypeValue="application/zip"/>
  <ContentType Extension="docm" ContentTypeValue="application/vnd.ms-word.document.macroEnabled.12"/>
  <ContentType Extension="docx" ContentTypeValue="application/vnd.openxmlformats-officedocument.wordprocessingml.document"/>
  <ContentType Extension="dotm" ContentTypeValue="application/vnd.ms-word.template.macroEnabled.12"/>
  <ContentType Extension="dotx" ContentTypeValue="application/vnd.openxmlformats-officedocument.wordprocessingml.template"/>
  <ContentType Extension="potm" ContentTypeValue="application/vnd.ms-powerpoint.template.macroEnabled.12"/>
  <ContentType Extension="potx" ContentTypeValue="application/vnd.openxmlformats-officedocument.presentationml.template"/>
  <ContentType Extension="ppam" ContentTypeValue="application/vnd.ms-powerpoint.addin.macroEnabled.12"/>
  <ContentType Extension="ppsm" ContentTypeValue="application/vnd.ms-powerpoint.slideshow.macroEnabled.12"/>
  <ContentType Extension="ppsx" ContentTypeValue="application/vnd.openxmlformats-officedocument.presentationml.slideshow"/>
  <ContentType Extension="pptm" ContentTypeValue="application/vnd.ms-powerpoint.presentation.macroEnabled.12"/>
  <ContentType Extension="pptx" ContentTypeValue="application/vnd.openxmlformats-officedocument.presentationml.presentation"/>
  <ContentType Extension="xlam" ContentTypeValue="application/vnd.ms-excel.addin.macroEnabled.12"/>
  <ContentType Extension="xlsb" ContentTypeValue="application/vnd.ms-excel.sheet.binary.macroEnabled.12"/>
  <ContentType Extension="xlsm" ContentTypeValue="application/vnd.ms-excel.sheet.macroEnabled.12"/>
  <ContentType Extension="xlsx" ContentTypeValue="application/vnd.openxmlformats-officedocument.spreadsheetml.sheet"/>
  <ContentType Extension="xltm" ContentTypeValue="application/vnd.ms-excel.template.macroEnabled.12"/>
  <ContentType Extension="xltx" ContentTypeValue="application/vnd.openxmlformats-officedocument.spreadsheetml.template"/>
</ContentTypeMap>




